Título,Situação,Programa,Link
Chamada Pública nº 033/2025,Situação:ABERTA,Programa:PIPA,https://www.ipea.gov.br/portal/bolsas-de-pesquisa-lista/15833-chamada-publica-n-033-2025
Chamada Pública nº 032/2025,Situação:ABERTA,Programa:PIPA,https://www.ipea.gov.br/portal/bolsas-de-pesquisa-lista/15832-chamada-publica-n-032-2025
Chamada Pública nº 031/2025,Situação:ABERTA,Programa:PIPA,https://www.ipea.gov.br/portal/bolsas-de-pesquisa-lista/15822-chamada-publica-n-031-2025
Chamada Pública nº 030/2025,Situação:ABERTA,Programa:PIPA,https://www.ipea.gov.br/portal/bolsas-de-pesquisa-lista/15801-chamada-publica-n-030-2025
Chamada Pública nº 029/2025,Situação:ABERTA,Programa:PROMOB,https://www.ipea.gov.br/portal/bolsas-de-pesquisa-lista/15768-chamada-publica-n-029-2025
Chamada Pública nº 028/2025,Situação:ABERTA,Programa:PROMOB,https://www.ipea.gov.br/portal/bolsas-de-pesquisa-lista/15759-chamada-publica-n-028-2025
Chamada Pública 027/2025,Situação:FECHADA,Programa:PROMOB,https://www.ipea.gov.br/portal/bolsas-de-pesquisa-lista/15749-chamada-publica-027-2025
Chamada Pública 026/2025,Situação:FECHADA,Programa:PROMOB,https://www.ipea.gov.br/portal/bolsas-de-pesquisa-lista/15748-chamada-publica-026-2025
Chamada Pública 025/2025,Situação:FECHADA,Programa:PROMOB,https://www.ipea.gov.br/portal/bolsas-de-pesquisa-lista/15747-chamada-publica-025-2025
Chamada Pública nº 24/2025,Situação:FECHADA,Programa:PROMOB,https://www.ipea.gov.br/portal/bolsas-de-pesquisa-lista/15735-chamada-publica-n-24-2025
